﻿FID,HA_ID,HA_Name,HA_Pop20,Deaths,Cases,Date_Updat,Source,URL,GlobalID,Hospitalized,CurrentlyHosp,CurrentlyICU,NewCases,LabCases,EpiCases,NewDeaths,SHAPE_Length,SHAPE_Area
1,IHA,Interior,739989,470,66085,2022/05/26 20:00:00+00,"BCCDC, B.C. Ministry of Health, PHSA",,{B9825972-7C9F-40E5-94FD-35C56588E5DE},3974,62,5,281,62340,340,8,34.6683024078998,27.5340062642515
2,FHA,Fraser,1720066,1499,163515,2022/05/26 20:00:00+00,"BCCDC, B.C. Ministry of Health, PHSA",,{3B1E1B29-F3A8-42F5-914E-D0EE33E34D53},10526,226,21,465,158404,407,14,9.05173577562103,1.95709926453125
3,VCHA,Vancouver Coastal,1131705,824,74596,2022/05/26 20:00:00+00,"BCCDC, B.C. Ministry of Health, PHSA",,{248E87C0-F5C5-4F29-91DD-8B8B5BE29B2C},4468,109,11,295,71794,364,13,86.4794136004973,7.10304274033946
4,VIHA,Vancouver Island,776410,330,35753,2022/05/26 20:00:00+00,"BCCDC, B.C. Ministry of Health, PHSA",,{6570C056-D65A-447B-A032-6CCDBAD673BB},2000,55,5,231,33183,137,7,105.578232891494,6.97469531592314
5,NHA,Northern,279885,346,30219,2022/05/26 20:00:00+00,"BCCDC, B.C. Ministry of Health, PHSA",,{B87CA1F6-BB80-4698-ADEF-EB518657009F},1995,11,0,86,28849,564,0,147.921495659826,88.7430022051068
6,,Out of Canada,,0,391,2022/05/26 20:00:00+00,"BCCDC, B.C. Ministry of Health, PHSA",,{CA21891B-790F-429F-92E3-F927B19CAB77},17,10,0,0,389,1,0,0.600280676008352,0.0216977206987764
