﻿FID,HA_ID,HA_Name,HA_Pop20,Date_Updat,Source,URL,GlobalID,GlobalID_2,Shape__Area,Shape__Length
1,0 PHSA,Provincial Health Services,0,2020/03/26 08:00:00+00, , ,4a5f60d0-5f92-49ca-93a6-a129baffc1b8,13c29183-9e97-49f3-bd21-2cd2f3c49ade,969881952119.931,26293364.3915688
2,1 IHA,Interior,762124,2020/03/26 08:00:00+00,"BCCDC, B.C. Ministry of Health", ,b9825972-7c9f-40e5-94fd-35c56588e5de,b1d2159b-c9b0-41ba-bcc0-8f4a1a263685,213501864645.463,2865217.22415009
3,2 FHA,Fraser,1829828,2020/03/26 08:00:00+00,"BCCDC, B.C. Ministry of Health", ,3b1e1b29-f3a8-42f5-914e-d0ee33e34d53,aa2bdaa4-cc98-427e-b606-2a5813c106aa,15721774845.1164,749159.183986152
4,3 VCHA,Vancouver Coastal,1192792,2020/03/26 08:00:00+00,"BCCDC, B.C. Ministry of Health", ,248e87c0-f5c5-4f29-91dd-8b8b5be29b2c,cf6b2d4f-7529-44bc-a9ec-8f24b51920e2,54811863599.0416,7491881.0581609
5,4 VIHA,Vancouver Island,800132,2020/03/26 08:00:00+00,"BCCDC, B.C. Ministry of Health", ,6570c056-d65a-447b-a032-6ccdbad673bb,2d344db9-1828-4e17-9cb8-c5d3229d1772,55395501277.8047,8865158.0327343
6,5 NHA,Northern,281031,2020/03/26 08:00:00+00,"BCCDC, B.C. Ministry of Health", ,b87ca1f6-bb80-4698-adef-eb518657009f,136441c6-2441-4817-9ff6-6514dd57cf30,630450943608.169,11868367.7482869
7,0 PHSA,Providence Health Care,0,2020/03/26 08:00:00+00, , ,4a5f60d0-5f92-49ca-93a6-a129baffc1b8,802b8256-8512-4546-b84b-8c1b4cfe7552,969881952119.826,26293364.3915687
