HA_ID,HA_Name,Deaths,Cases,Date_Updat,Source,GlobalID,Hospitalized,CurrentlyHosp,CurrentlyICU,NewCases,LabCases,EpiCases,NewDeaths,SHAPE_Length,SHAPE_Area
IHA,Interior,470,66085,2022/05/26 20:00:00+00,"BCCDC, B.C. Ministry of Health, PHSA",{B9825972-7C9F-40E5-94FD-35C56588E5DE},3974,62,5,281,62340,340,8,34.66830241,27.53400626
FHA,Fraser,1499,163515,2022/05/26 20:00:00+00,"BCCDC, B.C. Ministry of Health, PHSA",{3B1E1B29-F3A8-42F5-914E-D0EE33E34D53},10526,226,21,465,158404,407,14,9.051735776,1.957099265
VCHA,Vancouver Coastal,824,74596,2022/05/26 20:00:00+00,"BCCDC, B.C. Ministry of Health, PHSA",{248E87C0-F5C5-4F29-91DD-8B8B5BE29B2C},4468,109,11,295,71794,364,13,86.4794136,7.10304274
VIHA,Vancouver Island,330,35753,2022/05/26 20:00:00+00,"BCCDC, B.C. Ministry of Health, PHSA",{6570C056-D65A-447B-A032-6CCDBAD673BB},2000,55,5,231,33183,137,7,105.5782329,6.974695316
NHA,Northern,346,30219,2022/05/26 20:00:00+00,"BCCDC, B.C. Ministry of Health, PHSA",{B87CA1F6-BB80-4698-ADEF-EB518657009F},1995,11,0,86,28849,564,0,147.9214957,88.74300221
PHSA,Out of Canada,0,391,2022/05/26 20:00:00+00,"BCCDC, B.C. Ministry of Health, PHSA",{CA21891B-790F-429F-92E3-F927B19CAB77},17,10,0,0,389,1,0,0.600280676,0.021697721
